District,Region,Spendtype,PerCapGDP,AvgCancerSpend,AvgHeartSpend,AvgOrganSpend
1,North,public,54822.32372,327230.5621,386820.1526,357833.6127
2,North,public,44447.65969,289474.585,441519.4365,217274.7306
3,North,public,47444.91232,335908.4809,245678.6614,204289.5016
4,North,public,40322.25256,310200.5836,19823.74664,36939.63255
5,North,public,49366.17764,307658.3998,176147.351,215513.1459
6,North,public,48662.53416,303363.3964,62656.91793,29120.54242
7,North,public,43808.45838,336675.1539,50741.39523,101141.5293
8,North,public,40962.55169,330186.2317,246934.5904,46081.43938
9,North,public,44656.9301,312531.5778,216851.0088,156860.7534
10,North,public,52947.25756,325583.0141,517984.0325,269088.4666
11,North,public,48835.76181,309764.5485,184545.9598,153728.3181
12,North,public,41107.12515,301633.2286,308663.0462,185103.2321
13,North,public,46701.45891,257998.1172,66697.14442,197990.2681
14,North,public,55756.84813,304568.2308,415488.7751,233357.4283
15,North,public,44585.10603,321177.9259,128453.274,59087.01813
16,North,public,46827.75436,293056.8758,386192.0448,138008.4494
17,North,public,42704.29037,320097.1374,279639.9192,65775.50481
18,North,public,37979.72922,338552.2192,297176.2544,245689.53
19,North,public,40420.93249,252265.2441,37435.26063,130765.1516
20,North,public,35826.83171,353087.8911,47483.5653,20170.18743
21,North,public,41735.02761,313675.1234,225556.3491,89879.97509
22,North,public,42456.10635,297590.0763,343989.3483,176890.905
23,North,public,51953.65699,239753.0533,336457.0108,186623.2565
24,North,public,49399.95424,367795.2691,97262.99426,69049.06178
25,North,public,43193.85424,288041.05,198889.4545,134770.4989
26,North,public,39360.62855,262824.1836,259207.619,96304.30022
27,North,public,43325.92626,258090.1473,202195.2445,238002.8506
28,North,public,46007.1893,304984.9913,137518.0922,93526.68207
29,North,public,44844.49219,263078.2915,237444.9021,199232.3996
30,North,public,41984.35881,307629.2971,138426.1337,180648.9004
31,North,public,40715.33702,292561.3632,94488.87355,62758.05253
32,North,public,42749.6446,324312.4597,92860.26451,209712.1838
33,North,public,42308.6942,290556.0493,209436.3851,117370.7797
34,North,public,42142.56294,321291.9001,119796.4481,30753.77912
35,North,public,43205.88475,304161.4266,172266.7593,136470.3205
36,North,public,49891.80785,309811.2944,247145.8084,208241.8165
37,North,public,38527.21974,252167.2404,288524.4278,190810.7569
38,North,public,44974.33467,299909.6984,94142.2666,69630.52427
39,North,public,47346.09469,240914.2647,271925.2061,271632.9839
40,North,public,48477.54285,305892.3804,127934.8651,153621.6052
41,North,public,46314.26707,327421.0215,382715.5625,186056.3445
42,North,public,42156.18959,259368.4749,10995.44248,49262.51529
43,North,public,46784.01453,281794.7492,124118.5519,63681.92247
44,North,public,45827.03486,334068.4748,93023.15216,83626.45101
45,North,public,43975.69213,283033.4898,333676.2186,203360.9678
46,North,public,53632.7716,292867.9188,301153.9654,64028.95531
47,North,public,39791.83752,285805.7178,110245.2687,156514.1324
48,North,public,46690.00109,299692.3887,64945.59348,161581.5384
49,North,public,42313.9299,303159.2135,76434.76605,61779.18413
50,North,public,36680.73976,313066.7156,276470.3962,171713.626
51,North,public,43641.27759,343357.8195,243757.5403,248396.9351
52,North,public,43658.28523,279733.7033,124161.102,66639.01777
53,North,public,43433.52318,246429.4153,268518.1538,232083.6218
54,North,public,33563.38644,261166.7602,120428.2219,314879.9141
55,North,public,44466.75315,353285.6723,209306.6993,109661.6317
56,North,public,46462.06424,300664.7405,291807.8776,187418.1158
57,North,public,39748.03602,277553.2766,172777.393,107649.7003
58,North,public,40202.34122,284268.2941,411594.6646,130942.9773
59,North,public,45804.32731,286371.184,214913.8237,129540.9607
60,North,public,46237.79579,298398.4157,111779.0916,116653.2092
61,North,public,46091.46853,309448.0582,114202.2693,94496.95894
62,North,public,47469.35696,302311.8445,282648.6229,235057.3647
63,North,public,52265.82865,368423.0778,86905.02612,20726.44729
64,North,public,37880.94619,277597.952,144488.5575,156050.5424
65,North,public,39541.87353,324597.9326,161691.6815,75003.57565
66,North,public,43921.55485,311021.7423,193165.0181,195044.4722
67,North,public,51537.69032,241879.2094,204976.1344,201288.1234
68,North,public,47190.90969,269171.617,91525.85304,78428.14203
69,North,public,42477.45173,319936.8012,254557.521,25744.33093
70,North,public,45608.15301,209765.832,123052.2257,292951.9079
71,North,public,47191.77451,294237.5732,202248.4789,4412.752025
72,North,public,50733.44147,341293.2867,103846.5267,62679.36976
73,North,public,50795.78698,316822.2539,245674.9412,150881.7315
74,North,public,52929.72775,304318.5866,219742.0062,183764.9293
75,North,public,42778.25642,315269.21,203234.9977,153607.962
76,North,public,54114.62813,302817.8815,227252.0564,110984.4879
77,North,public,52844.57763,316648.2729,122065.5695,82974.40145
78,North,public,39301.13219,316757.9109,191516.3355,112336.3897
79,North,public,40662.02171,370040.425,310545.0552,251302.2301
80,North,public,40026.98634,324295.7737,129130.5982,267914.5194
81,North,public,46911.44709,288398.8724,161674.9549,19952.08983
82,North,public,41930.60052,317440.6632,44972.33892,147272.6039
83,North,public,43284.31136,322081.4178,182330.1467,86577.89602
84,North,public,35451.38927,265410.4364,91806.2096,143453.0537
85,North,public,47542.911,308304.778,99862.46209,71978.72758
86,North,public,41254.41275,298421.3835,82789.57118,126449.2209
87,North,public,42766.02114,262347.1301,173598.8439,228387.7675
88,North,public,50209.30781,320230.3502,128640.252,59189.37366
89,North,public,43591.17304,343309.4966,5168.447955,140738.5753
90,North,public,41419.67276,275378.2658,158360.5107,91609.33692
91,North,public,35237.03316,308845.5774,188704.7428,78380.41355
92,North,public,50710.36403,303622.3525,78763.21871,84128.07076
93,North,public,43124.02226,313654.7965,252801.6934,70846.23419
94,North,public,45889.82114,331556.6112,198922.9264,79753.8363
95,North,public,41521.61559,319058.5114,96994.60622,79842.05375
96,North,public,44868.77284,292477.9945,27406.99983,11472.9709
97,North,public,39893.65715,221369.592,25505.65495,49084.54651
98,North,public,49324.07704,257594.8988,108664.8571,66666.32804
99,North,public,39837.88437,322082.9047,229513.4476,146596.2348
100,North,public,40920.38783,342655.1537,325956.1304,134578.344
101,North,public,39425.66335,286794.5853,150016.3562,172655.1988
102,North,public,53227.56642,280160.0511,139131.4123,83366.09069
103,North,public,48543.82474,354617.4242,100633.9749,80154.36073
104,North,public,48812.42107,348325.7325,197943.9378,233284.3457
105,North,public,50188.52348,346534.0752,163076.2739,92455.48217
106,North,public,51209.45293,285114.759,3643.768998,175368.1011
107,North,public,51176.92648,304748.261,123797.0389,90420.79865
108,North,public,44457.18711,259759.5546,164973.9124,26559.9298
109,North,public,58634.28083,326728.6522,131473.6486,61993.12403
110,North,public,51741.25823,327396.937,22017.15579,82833.241
111,North,public,53708.5947,310704.7964,133997.8988,149180.7239
112,North,public,43241.47774,304215.6108,91527.61931,133830.5796
113,North,public,44408.50042,279262.0968,168159.8587,97625.30144
114,North,public,42504.0661,287145.8993,153856.125,126857.0278
115,North,public,47440.37724,246608.8002,223142.9992,150215.7164
116,North,public,48203.47711,299166.7583,120864.3298,100559.1905
117,North,public,44619.48624,305484.1485,159743.55,178943.6002
118,North,public,42787.53981,259419.5627,242535.5039,68345.06892
119,North,public,36988.45463,340274.3298,80237.70226,91144.50096
120,North,public,42530.38578,312111.0671,308275.3595,45544.93296
121,North,public,50243.78436,276792.4264,129129.0455,189090.4773
122,North,public,49625.76135,319056.7659,117004.294,183782.1832
123,North,public,37877.6534,344604.1075,156473.1371,161996.0075
124,North,public,51221.59865,299164.7528,146364.4479,113773.8591
125,North,public,41055.10281,339157.448,147054.7442,3983.912467
126,North,public,44486.82563,303187.8142,100299.7674,75222.87552
127,North,public,43527.64786,253997.4747,194949.4317,3164.983913
128,North,public,44460.74438,319055.5139,154896.8761,82256.53882
129,North,public,48302.94277,328487.3507,12389.67256,83338.20908
130,North,public,34191.48104,275142.2727,140748.8683,98914.79305
131,North,public,51040.72907,304696.3007,84359.8938,38456.29098
132,North,public,43641.27023,321223.9886,178429.3955,125007.2855
133,North,public,42769.00724,248358.5683,140221.2781,113417.7205
134,North,public,48203.75581,257834.5422,165725.854,98263.47725
135,North,public,51771.60821,282364.2155,247659.9392,147092.9923
136,North,public,47738.88693,299669.8817,240897.7498,131407.3719
137,North,public,45007.98115,248380.689,89434.05264,84075.62389
138,North,public,50979.04828,302696.9883,227404.0743,164029.3981
139,North,public,52998.30131,249949.9639,81419.89823,62447.40434
140,North,public,45194.38427,292612.9369,93433.31279,63678.36979
141,North,public,42638.41636,303146.8166,168939.6821,194989.3727
142,North,public,43329.10835,352177.8184,218190.5353,103139.3616
143,North,public,48069.64208,332529.7116,130181.0261,118289.1362
144,North,public,50221.82648,263317.6991,2375.739078,112007.487
145,North,public,46965.0525,284090.0712,202308.1058,86253.50004
146,North,public,42507.90737,293601.5289,194547.5158,116496.2961
147,North,public,45574.74175,307557.1748,144947.4081,87548.92494
148,North,public,36970.79906,306571.0343,184595.386,58982.78335
149,North,public,47296.48127,276507.8671,109768.013,196117.2435
150,North,public,45684.60215,333796.3107,452821.2167,210173.9959
151,North,public,41315.94142,240188.5326,523175.5331,303973.9455
152,North,public,47773.89076,346338.842,273141.9937,132625.1467
153,North,public,54178.3508,266507.8382,506429.5292,261261.0617
154,North,public,50120.91112,267279.0858,490595.3433,117673.5376
155,North,public,47094.17221,282368.6059,317598.6583,47343.25571
156,East,public,23921.7693,200834.7558,243826.0792,143694.1982
157,East,public,21589.68815,194591.7049,41917.57246,213202.164
158,East,public,32416.02472,189788.4916,305519.7505,218544.2403
159,East,public,33294.16293,213629.2961,82129.78162,195695.2786
160,East,public,33508.68472,182899.2841,21077.31371,255629.9987
161,East,public,28142.26371,211479.6312,218236.2435,236892.0906
162,East,public,26223.98282,225354.2288,330387.5618,234883.659
163,East,public,31089.54912,226885.5464,159220.9471,203578.7418
164,East,public,24220.94744,219648.7229,236023.5749,118889.7888
165,East,public,25650.80994,195595.8887,217379.2788,225183.755
166,East,public,32301.61809,201023.6733,215036.6643,94545.34679
167,East,public,29651.25964,190131.6212,277190.9562,156177.0736
168,East,public,30394.18355,194415.6056,259324.789,264805.6872
169,East,public,22365.85072,187665.4434,247118.1504,350890.6007
170,East,public,27942.87366,193037.4398,112979.6447,128132.0538
171,East,public,29989.19315,208699.4512,258715.9985,278937.6805
172,East,public,28566.13074,207656.8251,169397.869,260358.6077
173,East,public,33375.55071,168711.0088,170874.9298,145790.8441
174,East,public,30542.57755,178169.8206,61041.22554,212614.9343
175,East,public,27299.12404,187611.7332,189149.7481,211422.0757
176,East,public,35100.40339,224533.7002,231591.2506,228601.8856
177,East,public,19156.56926,152513.6156,218590.4617,224685.566
178,East,public,23754.47955,208556.7137,288522.9476,108263.4488
179,East,public,34798.55122,231627.43,254580.8829,178457.9209
180,East,public,33703.99947,236459.7701,194329.47,158337.8845
181,East,public,33650.28553,210858.4257,174524.7147,185341.6166
182,East,public,31260.98632,187669.2963,128004.532,186450.2979
183,East,public,29457.94082,171605.3053,146500.9479,262103.9428
184,East,public,36004.57022,210303.8707,296056.4631,222762.455
185,East,public,28585.03383,177138.8624,201932.0689,302900.9007
186,East,public,35875.255,187803.1652,321329.6985,195621.1991
187,East,public,26085.24921,230132.9356,290726.3947,247024.2045
188,East,public,28024.63989,202716.3199,376728.9675,149917.8535
189,East,public,24859.76879,190835.1942,209234.7197,190077.4728
190,East,public,36184.16985,188433.368,343336.514,153026.2659
191,East,public,36343.69457,242482.0618,335443.3469,138134.5624
192,East,public,36955.1301,193321.7054,297811.1796,115779.6555
193,East,public,25167.44173,206182.5689,126829.7239,38203.18386
194,East,public,27068.47103,210014.4246,238124.8983,185434.3496
195,East,public,31475.89087,217276.201,221735.5157,240432.6906
196,East,public,33114.78104,206488.0738,263370.7938,171805.2065
197,East,public,31103.50302,187573.7917,231698.271,218346.7125
198,East,public,37263.38941,196934.8735,258389.5919,102468.9245
199,East,public,34448.62428,173480.2556,213174.3224,144910.8629
200,East,public,29890.36999,223103.4794,83607.62242,157241.4234
201,East,public,34977.10056,171696.7105,115238.9229,189882.5824
202,East,public,24309.766,228727.4047,257532.831,257673.0139
203,East,public,32025.24909,193994.6328,213299.7104,253898.1599
204,East,public,32294.36168,202063.6812,198969.454,181496.6227
205,East,public,26553.55858,208031.6071,288066.6347,162971.4768
206,East,public,26417.25568,201662.9062,72014.96371,181002.0868
207,East,public,33586.95826,220369.9147,211732.0494,135778.9511
208,East,public,28455.12246,172180.0424,165917.359,151117.6754
209,East,public,33250.30986,224346.5948,200912.2276,225411.382
210,East,public,38506.74733,217527.3163,148912.2003,197353.5315
211,East,public,30771.6974,236512.7846,195092.5284,164142.7249
212,East,public,36012.43569,233930.9317,230416.6666,190690.5865
213,East,public,35552.12841,178100.4595,293904.5966,243354.0796
214,East,public,32668.05502,173415.0536,258421.8898,228494.0486
215,East,public,28076.19905,186881.6062,203343.7239,133940.4481
216,East,public,26193.58482,211918.0526,108706.5844,12175.55855
217,East,public,33027.67532,199318.2988,191585.329,80433.79492
218,East,public,19648.20061,191155.8953,116672.7532,161056.1025
219,East,public,29034.79896,225409.2252,232168.2497,141157.2251
220,East,public,30380.30815,223276.7048,91235.49776,6333.005842
221,East,public,32274.83877,245490.6707,239993.8808,162364.0504
222,East,public,21403.22117,205980.6509,10300.38662,90966.20478
223,East,public,29404.66067,201980.6582,94984.08723,13267.1059
224,East,public,39971.47498,216585.1449,19985.99672,27728.2386
225,East,public,33828.61341,207941.3415,209742.0901,91895.738
226,East,public,34740.07973,178796.7707,114929.3651,72203.45565
227,East,public,33703.39993,184855.6275,117747.9333,151420.4737
228,East,public,28370.33629,196144.1973,162621.6406,91535.25341
229,East,public,30412.44883,163619.5081,202654.8709,104382.8081
230,East,public,30259.45872,214962.6425,180872.9454,125573.4294
231,East,public,28774.02927,183165.7982,283328.5506,114263.975
232,East,public,21229.40425,211007.3284,202613.3383,52816.2188
233,East,public,37004.86723,233486.4045,290062.5892,36171.92356
234,East,public,29087.24647,190150.732,122978.3813,202669.6754
235,East,public,32966.66801,200948.7891,241665.5726,102838.3488
236,East,public,36763.33554,174640.0504,124494.1376,152146.7214
237,East,public,29415.91174,202034.5872,137240.5121,149298.8847
238,East,public,30972.25459,202946.3883,130177.4961,113999.8631
239,East,public,30734.65272,210918.8029,78234.25785,93505.16306
240,East,public,19328.87395,193396.8155,56140.1377,124932.722
241,East,public,31692.15833,233950.7661,187513.8033,159186.8789
242,East,public,32992.05951,207877.5265,225396.0891,154062.421
243,East,public,29686.33908,180225.578,175525.3552,54727.34051
244,East,public,32843.63674,208420.4687,7529.407746,56549.62327
245,East,public,27835.96797,240143.3735,100306.1481,161086.0416
246,East,public,35520.44859,205057.8639,124661.5561,89362.03564
247,East,public,38147.64804,200661.4191,245974.8018,78282.52538
248,East,public,37070.63718,202199.9456,151603.2357,110608.6942
249,East,public,30781.74803,231356.8092,198232.4115,137488.7248
250,East,public,31098.59666,211180.4963,322921.2882,101549.0077
251,East,public,20348.0717,181025.027,188467.7972,126561.9695
252,East,public,29277.4962,171108.634,142767.2421,82648.23558
253,East,public,32653.91876,196140.6351,107004.9399,157320.4447
254,East,public,21498.74679,202056.0162,242078.0889,77707.4564
255,East,public,32092.81048,200955.8426,153706.6936,48863.68731
256,East,public,22589.91304,178433.4086,293312.7681,144005.9396
257,East,public,31414.36981,200860.8214,198275.1494,105110.4027
258,East,public,27046.25721,199999.9935,125406.7857,127993.7778
259,East,public,26444.8403,206738.0588,181756.8288,26454.16756
260,East,public,30384.62737,204826.5847,131581.9085,94735.42333
261,East,public,28347.12795,213093.6778,62102.99545,133432.5974
262,East,public,24224.07549,203971.3067,316402.9069,78059.00776
263,East,public,28588.24724,222893.3239,252557.2115,8827.761459
264,East,public,30591.76833,215819.3151,226655.2587,169331.7513
265,East,public,30427.20473,234280.3167,20618.06877,120610.2529
266,East,public,37559.30252,218657.6,154580.9158,130555.5915
267,East,public,22027.02325,163251.4908,141570.4406,143453.0943
268,East,public,29622.13911,208802.3966,116274.3012,56655.82837
269,East,public,29187.01691,197515.4537,6524.140672,54979.75441
270,East,public,32502.42163,223507.2268,184808.8657,83508.73946
271,East,public,19154.74167,205813.6846,190303.6289,109311.6692
272,East,public,28639.73188,194666.5819,137032.8988,65432.57402
273,East,public,26002.64986,190948.2159,243929.5334,199641.5011
274,East,public,34718.99846,210521.1764,80634.57998,95190.44469
275,East,public,32752.4636,183384.7028,182237.4995,78906.50358
276,East,public,29343.53102,157040.7302,173352.189,156836.4759
277,East,public,33802.88246,214451.2523,179402.2309,155650.5088
278,East,public,34685.08583,198972.1733,179964.4299,91983.75773
279,East,public,27860.14734,210150.6392,3447.698842,49254.50743
280,East,public,34938.49137,185842.8976,235942.2903,125218.6502
281,East,public,36781.09043,188805.0783,90378.622,4702.090861
282,East,public,24924.5641,211014.9123,93483.01563,35794.71556
283,East,public,29494.18242,184246.6436,104187.6675,74258.32145
284,East,public,26631.97226,202641.5629,173354.3322,123111.1634
285,East,public,29634.8904,171793.0769,141132.4447,87840.96552
286,East,public,29215.67799,224556.7916,115568.1164,28874.51206
287,East,public,25804.77093,213309.1606,160540.1724,47724.95027
288,East,public,31217.83776,192507.277,152624.4615,45477.17583
289,East,public,26428.39442,214263.4917,22444.37228,51154.76964
290,East,public,25553.97832,209902.5647,1497.533408,8220.370307
291,East,public,30885.02743,203545.4111,62994.4961,33765.624
292,East,public,29743.01662,227009.0452,238640.9909,120580.9182
293,East,public,30314.50926,213883.1207,65295.40961,45154.13413
294,East,public,27928.08085,221197.5316,189011.5341,29207.54755
295,East,public,40008.28835,211034.6987,71720.07377,12157.28681
296,East,public,39061.16456,219146.675,332855.8786,55223.80006
297,East,public,24761.48997,204388.4599,70977.5541,656.6172599
298,East,public,22693.63261,226286.5539,184931.4802,3925.878463
299,East,public,33826.6095,197922.1561,22129.41529,72076.50652
300,East,public,32780.8725,217107.7929,97686.23811,135418.535
301,East,public,48360.1911,220962.4328,177127.8443,34606.97192
302,East,public,30376.71268,194689.8297,113717.5303,59780.82345
303,East,public,30044.76905,200506.4696,132574.7852,298.0551951
304,East,public,27186.89693,210410.5025,268094.6897,78863.02624
305,East,public,23131.74532,179193.8979,233644.6835,73128.72809
306,East,public,33660.48771,200418.7807,147152.6819,48697.24469
307,East,public,29104.08288,206194.5138,125933.3639,183762.2407
308,East,public,30202.27404,207972.0589,80184.80978,198256.4366
309,East,public,33945.60564,201517.2732,242450.2625,170195.2365
310,East,public,27431.20005,209988.4103,114072.5359,256292.4773
311,West,public,52203.92336,347513.1288,206932.7381,212124.4271
312,West,public,53156.5458,371606.0733,204296.2457,185622.1175
313,West,public,55569.75244,367114.323,197305.2812,91514.04706
314,West,public,46500.25416,352704.5825,202552.2671,162986.9952
315,West,public,51753.78611,363852.4318,265599.4616,187633.9667
316,West,public,49177.55682,395335.5187,271941.1933,98217.80559
317,West,public,46385.04986,389711.5641,238185.0039,253638.1029
318,West,public,54260.41938,396675.905,294744.1413,224282.8249
319,West,public,52772.15368,376021.5118,245037.9767,117535.0869
320,West,public,53280.8511,394458.5316,324881.1911,136774.8987
321,West,public,36941.5042,383690.0047,228152.3615,125271.5111
322,West,public,51252.84685,397658.0161,289461.4591,212897.752
323,West,public,51954.8734,357047.1238,239175.1912,133912.7673
324,West,public,43636.77087,382918.5716,287932.4606,125495.9736
325,West,public,41504.55632,385709.0229,107364.2484,186945.7836
326,West,public,45881.31498,406655.9448,318655.9626,153686.7859
327,West,public,49279.17225,407753.9338,289174.9446,124788.8365
328,West,public,48912.12812,389566.286,331794.3239,178500.7306
329,West,public,47871.72597,369911.05,102852.1172,104757.2143
330,West,public,51689.10485,385085.994,172293.91,228608.3372
331,West,public,49839.90707,362697.1364,239938.5385,159716.5334
332,West,public,52151.48173,382145.1238,293723.3912,117282.7428
333,West,public,41156.90987,386476.1348,282008.7034,162473.9033
334,West,public,56246.61691,368288.6671,226043.3203,190139.9495
335,West,public,49581.8508,393463.3171,169038.0357,175636.4301
336,West,public,51257.91946,394015.2963,272459.2165,73611.61865
337,West,public,45998.27161,335944.4363,176524.216,145101.5993
338,West,public,39558.89515,350297.1455,256740.9784,168796.0455
339,West,public,47165.24913,378651.4193,248255.4045,174104.0034
340,West,public,50586.34309,363298.5339,190482.8659,152492.675
341,West,public,52606.79144,409652.068,318298.8691,202264.6556
342,West,public,41936.84886,395961.2948,194781.8493,65838.79023
343,West,public,53119.52364,400902.2952,318753.4639,97981.86631
344,West,public,43586.72711,370646.3004,221546.401,125183.2974
345,West,public,44650.45938,345024.0514,288707.1073,124457.9292
346,West,public,52726.98968,389551.9733,266761.0878,179505.9892
347,West,public,41834.56935,363352.4099,274893.1205,194105.4045
348,West,public,43319.39284,363938.4936,363853.4688,106269.8064
349,West,public,47170.16282,363228.8909,253822.673,112676.04
350,West,public,49538.8948,365612.9243,359742.9265,142381.1882
351,West,public,52064.73153,364035.1194,124032.964,97921.43108
352,West,public,56331.80915,356842.2362,371845.1934,163815.7837
353,West,public,43962.17078,358858.2452,237640.5023,143911.7783
354,West,public,56561.18169,392724.4251,315659.6681,115924.0392
355,West,public,50452.90575,352101.5825,330452.8782,61382.44223
356,West,public,42883.43281,382447.2488,165969.7021,120780.7428
357,West,public,46072.45415,354986.7844,249198.6903,152528.4122
358,West,public,62012.30212,391622.2465,297379.9946,192709.941
359,West,public,53035.47982,381741.1457,237066.6201,169132.9019
360,West,public,48312.82644,395566.3759,203015.208,142600.8559
361,West,public,59406.37997,364439.3854,168692.2598,143144.1627
362,West,public,51184.78516,378082.4366,346221.5583,174192.3302
363,West,public,46116.97037,370447.0912,277330.1075,151644.8294
364,West,public,55495.86822,362367.8853,208053.7166,135143.3951
365,West,public,52802.56695,393996.9562,187296.0281,178425.7052
366,West,public,48219.11295,369482.888,281726.5093,176038.8059
367,West,public,49933.00191,356651.3508,292988.6676,131307.6159
368,West,public,38189.10263,395062.9136,170221.9714,192354.9985
369,West,public,49712.87049,357859.733,175810.8697,168962.3232
370,West,public,41398.67784,392491.1464,201333.9751,113521.7025
371,West,public,48905.53076,356738.034,280677.9757,222371.1464
372,West,public,42665.66892,387457.3712,133337.4925,242244.6759
373,West,public,56041.34292,375502.1681,155095.4371,129346.7635
374,West,public,47322.31853,377618.2274,273202.1737,162905.5777
375,West,public,38816.8367,381917.4941,205096.384,125624.8572
376,West,public,56924.20373,410677.4122,157264.0778,113287.0297
377,West,public,52037.13291,353112.2928,237878.7868,155484.2302
378,West,public,53584.44906,353474.8164,221492.6511,162869.8122
379,West,public,52873.8596,380556.1522,303247.4458,110323.069
380,West,public,52368.29797,387279.5069,176132.4213,91169.33657
381,West,public,46848.07208,371468.8232,262203.6439,120930.2944
382,West,public,44188.74399,337361.4906,147331.9408,173291.1894
383,West,public,42081.98447,392204.9711,102693.2427,232075.5516
384,West,public,52316.12929,370505.3899,128409.7996,221232.4986
385,West,public,50873.33229,375650.673,19010.83946,186512.1955
386,West,public,45733.56222,373546.7272,230443.0063,251295.3542
387,West,public,55353.17563,383389.016,201109.2524,126684.4891
388,West,public,54812.26969,363994.1183,345149.3709,258809.6273
389,West,public,38931.81958,388341.948,148880.3166,128866.7452
390,West,public,50855.13583,389545.1223,207971.4717,199542.2827
391,West,public,48683.62649,366775.2735,213336.8716,241817.1852
392,West,public,48627.08405,371372.9931,110533.47,157448.2255
393,West,public,50907.52571,374204.3386,174981.9529,160514.2166
394,West,public,45760.30815,380190.9266,300677.895,151022.5354
395,West,public,49634.37179,358674.9977,278911.9447,181882.2495
396,West,public,41095.57534,362872.5929,205869.7706,124493.2707
397,West,public,51161.04558,433509.9359,255769.7603,196728.7676
398,West,public,54022.07622,350412.938,137894.276,156329.4805
399,West,public,41284.53924,378066.652,154190.3076,81686.32493
400,West,public,49854.09642,387759.2754,69597.23298,179791.5015
401,West,public,56780.83699,388318.3486,170813.2571,142696.9247
402,West,public,47865.47029,365508.6124,125119.2758,157335.7304
403,West,public,49207.57275,383201.893,283931.3032,177321.0843
404,West,public,46919.86314,366912.9657,294086.9857,152983.8746
405,West,public,51657.69695,377645.3378,132982.7814,158465.4377
406,West,public,44959.86375,401243.6731,127907.3075,116629.8316
407,West,public,48624.85719,356466.8083,103836.6221,183715.533
408,West,public,51800.30653,399848.4496,160406.335,223591.8692
409,West,public,47419.13106,359446.7943,187802.2166,141751.0331
410,West,public,48355.4925,356898.6075,125118.1099,176577.9423
411,West,public,47264.05349,391332.742,155005.6861,135057.8716
412,West,public,49177.17882,407701.3508,345124.6502,212182.6343
413,West,public,50183.45843,393327.9813,78149.76515,49244.17263
414,West,public,49172.79369,366488.1089,159460.7541,135576.7113
415,West,public,48584.45405,355335.0091,132891.2562,163872.4243
416,West,public,50452.82033,357587.2928,195509.6451,79880.4708
417,West,public,48304.23231,383793.1212,262389.0743,139607.1131
418,West,public,50615.56446,362839.7175,9922.588423,189758.8536
419,West,public,46131.76774,374184.0568,98746.53357,121189.0224
420,West,public,47217.95886,397910.3722,42461.56357,147201.9931
421,West,public,55152.05737,389786.7097,280477.9986,172603.6875
422,West,public,46885.79714,391080.8317,247937.9907,176762.4461
423,West,public,54158.21038,343457.226,209173.1073,195809.684
424,West,public,46491.56343,379214.2543,151332.9777,117407.9736
425,West,public,52836.9631,385614.1661,83410.03767,142127.9544
426,West,public,57651.15973,401412.539,159891.2452,159013.7826
427,West,public,49245.88237,366067.3775,193224.0486,100187.3664
428,West,public,48015.1443,367493.8528,92861.02294,200307.9966
429,West,public,46969.07145,374174.2271,6228.104024,151871.9628
430,West,public,49476.3549,360393.4918,173049.1772,183103.21
431,West,public,54549.60916,344171.1732,220292.9546,222682.4223
432,West,public,50126.50003,397810.7728,183782.0064,118986.7502
433,West,public,47053.73873,371429.8825,283689.404,172274.8916
434,West,public,62344.10797,397062.072,134828.7716,177001.7786
435,West,public,53402.30813,359693.0417,126401.7294,223713.1091
436,West,public,42675.49357,401553.7904,229797.0729,114106.1343
437,West,public,49070.87303,374755.6511,150003.8441,114221.2253
438,West,public,55286.79885,356649.6285,155550.3133,127508.5426
439,West,public,56698.87588,401601.7259,386497.5529,232045.3066
440,West,public,56128.0741,374852.4183,10186.13293,189963.9875
441,West,public,55343.65711,383825.4339,228926.0556,212122.3618
442,West,public,51346.09587,356331.2431,282048.3504,41413.31553
443,West,public,54180.78573,361559.5845,224368.9318,243960.6694
444,West,public,48850.18251,397763.2257,268457.7062,145381.3536
445,West,public,46655.48167,394938.7417,80312.24126,146501.8795
446,West,public,44703.84599,396586.5542,244695.0886,79996.91032
447,West,public,54475.62478,380545.4499,286114.5165,200828.1345
448,West,public,54918.90546,390315.488,217936.1314,152009.6681
449,West,public,56905.53419,370132.4192,267728.0234,129940.0056
450,West,public,40929.02111,398478.3061,202484.7204,132569.6642
451,West,public,44979.01488,406403.334,154813.4115,178381.2132
452,West,public,50293.97356,380416.1981,223272.779,182875.0977
453,West,public,49511.03035,399172.2126,319811.5128,239804.1441
454,West,public,54079.76196,364534.2171,264775.7109,158488.17
455,West,public,50129.67562,417650.6857,417609.8034,155271.5223
456,West,public,46725.18456,382684.6852,266989.0782,105357.516
457,West,public,57227.87038,365274.4988,405002.3548,127573.0431
458,West,public,49769.10504,363104.3615,328038.1997,275406.016
459,West,public,46046.29748,378317.9956,339579.9703,166236.3462
460,West,public,46749.36311,389154.7637,324703.1857,253037.9617
461,West,public,45547.84838,387817.5558,282927.0334,195477.4148
462,West,public,46932.47286,396222.4119,310766.9014,12431.07817
463,West,public,56388.20437,378091.7473,255210.0622,232639.8286
464,West,public,44329.64453,371000.4526,315186.925,314863.6357
465,West,public,48777.93531,393706.9998,323573.5779,414975.812
466,South,public,52880.11179,440687.489,278190.23,141959.01
467,South,public,54668.06842,376338.8603,304177.54,140536.23
468,South,public,56392.25891,328056.1404,348186.21,150256.45
469,South,public,56250.94729,405923.0849,176214.36,141353.45
470,South,public,59271.88209,362071.8951,257805.98,186246.08
471,South,public,58369.91192,369391.5863,177953.05,183852.50
472,South,public,59475.8991,419731.4788,343038.72,187677.78
473,South,public,63287.26092,355906.155,342587.32,164661.22
474,South,public,53703.64605,394655.233,169750.73,204441.55
475,South,public,56447.58147,485113.6427,246986.17,247976.65
476,South,public,53600.33988,375209.6114,281711.49,161684.93
477,South,public,47002.75209,355168.8758,75411.69,144828.80
478,South,public,59998.92992,375918.3459,218735.94,174787.03
479,South,public,47778.52916,448090.1615,340240.82,184299.47
480,South,public,54119.15404,369412.9764,230531.22,157421.20
481,South,public,55034.37664,372619.1339,334326.26,196158.68
482,South,public,59848.87592,415672.968,202061.41,177314.48
483,South,public,48634.33125,354940.9842,249360.43,326469.00
484,South,public,51711.96538,312957.7328,262276.44,262417.24
485,South,public,54250.29429,375095.3047,249125.50,113905.90
486,South,public,55492.10649,427833.7343,244728.71,157594.28
487,South,public,62873.60247,386592.447,132147.92,37403.30
488,South,public,55403.78663,335049.8237,128367.86,168383.09
489,South,public,55603.28113,358758.6255,287615.92,173125.66
490,South,public,53908.06832,346124.2265,379480.91,142824.84
491,South,public,58454.43953,379103.3633,244777.21,148013.99
492,South,public,47607.845,456920.9189,314521.75,209691.93
493,South,public,59747.43822,434072.2214,217431.28,208648.88
494,South,public,52667.03388,392648.9659,226832.91,179783.50
495,South,public,58179.97294,377516.1822,92448.61,214023.01
496,South,public,47616.77674,388700.9076,185090.83,218002.25
497,South,public,59310.32443,431423.5241,352748.01,194587.15
498,South,public,50726.48272,389300.3711,349910.80,98549.93
499,South,public,55970.65377,369867.0991,444321.85,122198.93
500,South,public,46436.69331,361765.7801,238748.17,240979.06
501,South,public,56003.14924,376421.754,347206.16,150201.84
502,South,public,56856.2597,349230.1924,301164.43,53670.60
503,South,public,53532.68309,391164.253,182630.86,129570.51
504,South,public,47339.266,365678.3806,220386.76,45184.47
505,South,public,56059.31774,378221.6109,97613.42,155788.40
506,South,public,54009.99909,386699.8536,418302.32,161629.42
507,South,public,55760.37222,442152.8888,320879.66,196749.07
508,South,public,56076.5421,367017.8532,321643.63,161217.37
509,South,public,58419.19003,281229.3047,445014.74,199174.58
510,South,public,58837.00532,521627.0441,303957.78,236476.93
511,South,public,48233.21474,394962.9731,185179.60,183234.88
512,South,public,56277.07637,420296.0502,219858.07,256245.66
513,South,public,57818.74029,374320.4126,308346.04,215859.28
514,South,public,57432.20989,431979.8416,116224.21,261851.19
515,South,public,50308.72238,399659.5538,367423.80,193473.14
516,South,public,56113.17514,391916.6934,183425.67,272332.09
517,South,public,58621.08422,408252.092,221638.30,136829.06
518,South,public,62239.83212,431053.7629,317356.61,181106.16
519,South,public,49606.46725,391251.002,413711.82,146255.39
520,South,public,53005.669,363686.9156,302281.02,64405.36
521,South,public,51286.06944,411623.7408,229770.06,176883.80
522,South,public,53723.68291,456987.828,315005.45,182529.19
523,South,public,63696.10066,368703.953,56634.14,110140.87
524,South,public,56929.02659,418225.2633,143995.10,165645.71
525,South,public,54479.90228,335682.4418,287883.67,166988.95
526,South,public,54623.12809,429101.277,221181.64,166846.27
527,South,public,57078.77252,399885.9675,249369.67,251767.42
528,South,public,54652.94056,427022.3996,176963.89,71833.77
529,South,public,58708.99544,367512.873,185391.02,194479.30
530,South,public,59187.33525,405784.906,335123.80,179751.16
531,South,public,61191.61561,328878.5372,76192.06,147087.32
532,South,public,61897.41488,422698.978,284354.29,285262.51
533,South,public,49767.32562,372778.5922,100473.08,187701.06
534,South,public,60572.27329,426491.1788,140320.88,253754.67
535,South,public,51227.08014,404185.8994,230165.20,109165.50
536,South,public,55526.33991,398905.9247,393184.18,173064.31
537,South,public,50451.78158,385630.8889,205562.94,149580.82
538,South,public,52921.90681,345365.012,146275.71,108548.57
539,South,public,57998.23322,347096.6001,268615.40,144840.72
540,South,public,52658.45548,385695.4242,98660.15,70817.99
541,South,public,56625.3384,376433.3495,301754.90,163101.20
542,South,public,60431.441,325620.0888,106857.72,34725.75
543,South,public,53998.15114,347367.1665,165965.83,269361.17
544,South,public,58361.94432,340186.0324,132364.96,271817.82
545,South,public,60448.1856,420528.6072,214573.05,284825.37
546,South,public,60917.01299,362542.6679,177149.93,262330.30
547,South,public,52819.41715,449321.797,334773.59,264033.33
548,South,public,61586.15632,426804.2711,188335.52,248056.72
549,South,public,51420.22631,370896.1229,213967.17,185444.39
550,South,public,50971.88911,398027.9771,334189.59,272456.84
551,South,public,53041.8374,353183.9554,248028.67,214845.54
552,South,public,48098.56292,369247.342,191094.70,271294.98
553,South,public,57094.97833,381017.6442,243964.09,160340.85
554,South,public,46120.71265,418230.106,209900.12,279139.69
555,South,public,51324.28968,292565.5883,385846.89,318876.12
556,South,public,57078.15416,342261.3562,356402.46,227656.95
557,South,public,55891.10277,378820.6938,249160.93,241270.53
558,South,public,55180.86548,394450.634,133400.45,241209.90
559,South,public,51681.66947,399015.2479,273497.98,247222.27
560,South,public,51436.18742,363814.4506,209869.36,252007.89
561,South,public,61896.64789,338509.2665,247681.74,238917.10
562,South,public,54083.92469,409586.6466,240119.34,264419.52
563,South,public,45928.77332,438192.0305,224519.40,222245.13
564,South,public,52213.86078,362216.0523,312443.81,206137.18
565,South,public,55280.68548,420343.3725,215523.46,268296.53
566,South,public,55149.91218,374887.3302,270024.14,222273.63
567,South,public,51735.59657,391335.433,89308.24,258595.32
568,South,public,59493.97749,403175.1394,286242.71,291692.90
569,South,public,57462.55494,387295.6837,248304.63,234213.54
570,South,public,56866.8015,362053.4266,231823.28,191069.84
571,South,public,53492.05453,332309.3915,274071.97,210335.04
572,South,public,52153.35689,366321.7366,217127.05,315277.83
573,South,public,59413.72109,394330.9168,189658.04,217413.10
574,South,public,53785.59039,424762.3859,275708.84,171146.06
575,South,public,55847.99301,330226.4977,164306.09,175776.41
576,South,public,55317.12289,422996.28,350134.08,226976.98
577,South,public,51813.42266,450813.2077,308141.18,204130.80
578,South,public,53457.14175,396504.3855,97332.39,265367.13
579,South,public,54040.45962,349470.7566,327922.49,240570.86
580,South,public,57368.31664,431084.7701,131815.57,170896.15
581,South,public,52868.69068,364376.8463,372700.42,256380.62
582,South,public,60769.42417,399172.5925,291424.33,174723.67
583,South,public,59792.51256,410273.7503,163058.02,309438.91
584,South,public,58492.65017,335735.041,122798.66,211705.21
585,South,public,61722.67289,374109.385,74698.42,151494.94
586,South,public,68366.67216,400808.347,307021.35,296510.12
587,South,public,52970.97126,369713.7814,215833.40,203106.45
588,South,public,54095.8697,422509.7776,252989.29,271419.95
589,South,public,56829.98646,423124.4506,125929.36,200044.24
590,South,public,45601.67873,353904.3968,295253.66,290872.84
591,South,public,52100.13403,378880.6723,319294.11,337760.71
592,South,public,57233.02418,418875.3881,301493.56,238722.02
593,South,public,53930.68791,353796.8867,257700.20,330561.21
594,South,public,59431.40781,338746.4086,299025.01,273017.90
595,South,public,56572.301,367413.632,416487.32,250496.12
596,South,public,52400.91748,434542.2377,388766.68,177562.90
597,South,public,62271.33917,360237.6536,139269.21,251028.99
598,South,public,58511.6366,368327.809,305350.57,206675.89
599,South,public,47860.53534,342519.079,207073.17,244123.15
600,South,public,58389.48035,374736.3395,218292.39,305982.85
601,South,public,59433.29381,393421.9516,353204.42,310789.24
602,South,public,52380.40047,417606.7638,410848.05,264872.33
603,South,public,52375.37771,456786.6389,216778.73,341535.73
604,South,public,58783.27215,325951.9431,216527.51,315638.81
605,South,public,55902.9621,401881.2295,116827.32,202901.26
606,South,public,54417.24173,468418.6807,292402.89,215182.28
607,South,public,56122.13919,379459.0464,272690.88,253637.52
608,South,public,49659.1762,460007.3678,283647.51,289394.57
609,South,public,59997.29952,390492.751,385082.02,244355.55
610,South,public,53822.9132,350909.8024,283317.04,267917.46
611,South,public,51828.2953,366445.6767,186532.82,232043.26
612,South,public,52691.23122,376683.683,381668.04,252073.12
613,South,public,54690.27807,375662.4972,263149.74,341587.10
614,South,public,57691.02114,336685.7216,253525.92,243280.99
615,South,public,47322.29401,286649.6434,303711.30,191884.18
616,South,public,58201.10318,384907.4515,210711.34,252365.72
617,South,public,48011.21789,399772.3784,222577.18,171360.28
618,South,public,57763.73355,408843.9192,45665.79,336992.21
619,South,public,54595.69918,348330.8762,132421.59,449504.86
620,South,public,55419.96532,371950.6202,12982.29,337479.92
621,North,Insurance,54822.32372,354097.052,259672.5201,199976.5442
622,North,Insurance,44447.65969,423805.8963,166124.4978,86048.09004
623,North,Insurance,47444.91232,339665.6173,217309.8969,156488.2851
624,North,Insurance,40322.25256,384887.2437,602038.0741,215196.3971
625,North,Insurance,49366.17764,362895.3526,217476.4654,347413.5337
626,North,Insurance,48662.53416,360624.2491,430596.7492,269743.5534
627,North,Insurance,43808.45838,311653.8022,457509.3083,237552.9747
628,North,Insurance,40962.55169,373712.0066,340612.5358,179465.1662
629,North,Insurance,44656.9301,312817.0823,390056.8128,185687.7486
630,North,Insurance,52947.25756,346051.0075,146573.027,163523.2473
631,North,Insurance,48835.76181,377258.9552,192934.5283,212592.5811
632,North,Insurance,41107.12515,361170.1705,395078.1888,174877.2649
633,North,Insurance,46701.45891,294021.7798,435280.6708,298791.7502
634,North,Insurance,55756.84813,328175.7765,397774.545,170966.7938
635,North,Insurance,44585.10603,282504.3311,245134.1544,223166.6918
636,North,Insurance,46827.75436,313491.595,302774.9329,126542.5961
637,North,Insurance,42704.29037,308843.4725,433960.2735,124895.8657
638,North,Insurance,37979.72922,324213.6273,294276.0839,203096.585
639,North,Insurance,40420.93249,313997.2317,151553.4824,147484.0606
640,North,Insurance,35826.83171,397358.6759,377446.5802,32977.73972
641,North,Insurance,41735.02761,352381.7789,329386.1955,139218.6237
642,North,Insurance,42456.10635,352310.2352,249236.598,128524.1285
643,North,Insurance,51953.65699,389164.0762,221520.4002,321661.3682
644,North,Insurance,49399.95424,317691.0805,300613.9602,110705.7901
645,North,Insurance,43193.85424,375240.9449,226556.1852,161975.2792
646,North,Insurance,39360.62855,391881.4852,295557.3455,244782.0188
647,North,Insurance,43325.92626,330434.3351,397006.2861,334175.7284
648,North,Insurance,46007.1893,342965.4921,417844.2335,196435.0277
649,North,Insurance,44844.49219,267085.3273,208718.9663,204677.3504
650,North,Insurance,41984.35881,352531.22,316914.9881,181979.432
651,North,Insurance,40715.33702,380730.7623,344513.8762,156435.1607
652,North,Insurance,42749.6446,349673.9043,419898.1899,106849.9637
653,North,Insurance,42308.6942,377392.2991,72009.37817,264045.9142
654,North,Insurance,42142.56294,351074.3312,163594.0098,165236.4176
655,North,Insurance,43205.88475,342998.5277,406016.3127,321498.4264
656,North,Insurance,49891.80785,282326.1547,334942.7214,251704.5362
657,North,Insurance,38527.21974,392810.1545,198805.8047,204505.6505
658,North,Insurance,44974.33467,317834.082,447801.5988,218765.9631
659,North,Insurance,47346.09469,371798.5247,181985.5357,142555.6444
660,North,Insurance,48477.54285,368039.1423,267563.2232,283693.1923
661,North,Insurance,46314.26707,360901.5049,351677.9878,132764.8565
662,North,Insurance,42156.18959,350624.239,226941.6359,59921.92727
663,North,Insurance,46784.01453,415411.5735,291202.9675,250964.7056
664,North,Insurance,45827.03486,336535.3869,422457.8208,177762.4896
665,North,Insurance,43975.69213,298931.8837,322969.7739,163247.9555
666,North,Insurance,53632.7716,376028.0914,302564.4017,226023.1005
667,North,Insurance,39791.83752,420740.4388,259844.1753,90716.6496
668,North,Insurance,46690.00109,330017.8212,243946.6134,166211.1519
669,North,Insurance,42313.9299,340805.378,474825.7729,254171.9672
670,North,Insurance,36680.73976,338303.9088,313906.1644,139416.3738
671,North,Insurance,43641.27759,268624.3019,288687.3358,259624.0013
672,North,Insurance,43658.28523,351991.8398,494720.5199,259271.7311
673,North,Insurance,43433.52318,372188.3885,387613.8915,182681.7281
674,North,Insurance,33563.38644,390768.5234,597429.1231,139888.1378
675,North,Insurance,44466.75315,330902.9878,254479.9628,143572.2385
676,North,Insurance,46462.06424,374012.8033,306062.9692,243690.3811
677,North,Insurance,39748.03602,346927.4668,195795.2535,204376.6194
678,North,Insurance,40202.34122,334919.7687,231567.2598,267641.0114
679,North,Insurance,45804.32731,334713.434,324856.3017,128885.8182
680,North,Insurance,46237.79579,365727.628,504414.8944,95567.6341
681,North,Insurance,46091.46853,319293.9291,257782.8484,138243.8545
682,North,Insurance,47469.35696,357244.0358,326864.6089,216416.7025
683,North,Insurance,52265.82865,354107.2958,302308.7376,354477.0911
684,North,Insurance,37880.94619,402830.4425,196886.2109,116008.4668
685,North,Insurance,39541.87353,342475.8865,312927.6349,161061.6808
686,North,Insurance,43921.55485,359943.2896,455940.4422,121908.871
687,North,Insurance,51537.69032,333919.279,238919.2324,65591.92791
688,North,Insurance,47190.90969,346556.0629,537517.1955,213283.1896
689,North,Insurance,42477.45173,355076.8381,119456.0955,231475.3895
690,North,Insurance,45608.15301,295161.631,351735.0533,282065.2876
691,North,Insurance,47191.77451,315301.3543,253778.189,236389.2671
692,North,Insurance,50733.44147,365811.1643,291616.8842,283550.2142
693,North,Insurance,50795.78698,379466.5195,294976.8313,141898.547
694,North,Insurance,52929.72775,331937.5163,342303.5617,143374.3677
695,North,Insurance,42778.25642,437740.3903,394550.3591,134523.6976
696,North,Insurance,54114.62813,345892.2753,112913.2403,116360.0795
697,North,Insurance,52844.57763,340591.4622,284689.1164,122429.7257
698,North,Insurance,39301.13219,337444.6385,408793.807,197331.2545
699,North,Insurance,40662.02171,345488.7558,373696.237,176436.7094
700,North,Insurance,40026.98634,363030.3328,219508.0666,270241.1635
701,North,Insurance,46911.44709,394054.0879,372836.0999,136416.4377
702,North,Insurance,41930.60052,315895.1833,285006.2627,202754.2608
703,North,Insurance,43284.31136,345558.128,576320.0227,192651.3319
704,North,Insurance,35451.38927,388818.6915,512326.0954,69737.94831
705,North,Insurance,47542.911,397191.0537,566416.4786,202130.5465
706,North,Insurance,41254.41275,301239.9232,142156.3206,59830.19286
707,North,Insurance,42766.02114,319884.4378,249584.5816,343879.8443
708,North,Insurance,50209.30781,354164.0642,438830.3719,84898.78433
709,North,Insurance,43591.17304,324841.313,350850.1651,40716.069
710,North,Insurance,41419.67276,415726.7014,101295.2886,166005.2961
711,North,Insurance,35237.03316,333553.6669,292764.6754,172563.9604
712,North,Insurance,50710.36403,398963.631,263298.1174,217924.6201
713,North,Insurance,43124.02226,394954.4945,305109.7186,72306.38226
714,North,Insurance,45889.82114,313671.636,229323.4524,241969.7931
715,North,Insurance,41521.61559,305782.0561,157202.0866,197887.4414
716,North,Insurance,44868.77284,366019.115,544341.1677,104257.7896
717,North,Insurance,39893.65715,296845.8875,467310.6079,149843.4202
718,North,Insurance,49324.07704,323577.109,402055.2645,211572.697
719,North,Insurance,39837.88437,393611.0064,431242.0559,210940.0916
720,North,Insurance,40920.38783,324274.7718,310330.5405,153300.3122
721,North,Insurance,39425.66335,333736.4631,351963.2013,165253.6262
722,North,Insurance,53227.56642,295547.9745,237199.884,169344.9961
723,North,Insurance,48543.82474,393783.4823,363759.8431,277689.2119
724,North,Insurance,48812.42107,364105.8172,132676.5992,205200.9253
725,North,Insurance,50188.52348,363400.2196,127626.6101,239610.75
726,North,Insurance,51209.45293,390952.7343,179331.2571,432127.9395
727,North,Insurance,51176.92648,350813.5617,438274.0342,186012.3623
728,North,Insurance,44457.18711,322423.0371,433241.008,226770.7614
729,North,Insurance,58634.28083,284021.6855,441744.4028,203683.67
730,North,Insurance,51741.25823,319894.6907,420197.4375,161794.8926
731,North,Insurance,53708.5947,374133.0296,7367.109504,221462.3346
732,North,Insurance,43241.47774,371181.5274,249114.2996,293827.0022
733,North,Insurance,44408.50042,404175.6889,131532.1689,106454.2777
734,North,Insurance,42504.0661,361750.2058,137267.8111,186681.3816
735,North,Insurance,47440.37724,357860.1956,130888.859,92943.9055
736,North,Insurance,48203.47711,337265.0795,185089.2218,205337.5969
737,North,Insurance,44619.48624,366070.9517,193834.0217,232468.4175
738,North,Insurance,42787.53981,353740.4097,152835.3234,97473.93206
739,North,Insurance,36988.45463,392525.9718,329657.1288,300352.7563
740,North,Insurance,42530.38578,312945.6453,457576.3833,369017.0474
741,North,Insurance,50243.78436,357743.9168,139767.695,145524.9783
742,North,Insurance,49625.76135,365751.9752,123423.916,213538.5072
743,North,Insurance,37877.6534,387013.7633,125571.6173,240997.7582
744,North,Insurance,51221.59865,371624.6009,263729.2118,226909.4934
745,North,Insurance,41055.10281,333028.5492,246735.0021,285679.5143
746,North,Insurance,44486.82563,363305.8,339862.8772,234482.1069
747,North,Insurance,43527.64786,376925.2401,376692.2261,169023.2888
748,North,Insurance,44460.74438,339845.9391,156718.7392,53800.74769
749,North,Insurance,48302.94277,365274.7475,204019.2756,132207.1016
750,North,Insurance,34191.48104,411551.6905,304359.8368,197522.0633
751,North,Insurance,51040.72907,343609.0671,157453.4742,42968.97362
752,North,Insurance,43641.27023,329817.4594,330919.8091,195652.843
753,North,Insurance,42769.00724,386227.2486,197414.4065,13509.67636
754,North,Insurance,48203.75581,393155.5986,443514.1821,233884.8031
755,North,Insurance,51771.60821,365710.1977,142269.8724,207893.7809
756,North,Insurance,47738.88693,317211.5169,144004.9801,162189.6261
757,North,Insurance,45007.98115,305580.1927,231344.4904,232501.2461
758,North,Insurance,50979.04828,372232.4458,390778.8966,264490.3047
759,North,Insurance,52998.30131,364902.9872,109098.4957,209890.4424
760,North,Insurance,45194.38427,403714.6215,11301.37489,224547.4083
761,North,Insurance,42638.41636,381963.9603,520958.4354,149422.6747
762,North,Insurance,43329.10835,372733.3951,245760.2953,205281.2556
763,North,Insurance,48069.64208,355905.1932,436507.276,250453.0701
764,North,Insurance,50221.82648,401773.3818,326808.5837,241134.6821
765,North,Insurance,46965.0525,364512.4427,302068.098,93588.18576
766,North,Insurance,42507.90737,306114.0024,393337.2621,186705.7448
767,North,Insurance,45574.74175,352915.3567,394858.3736,303934.1322
768,North,Insurance,36970.79906,352596.8355,245019.4502,253476.4362
769,North,Insurance,47296.48127,269768.1687,396434.8466,133840.696
770,North,Insurance,45684.60215,415879.4361,524259.7009,287107.014
771,North,Insurance,41315.94142,310594.3531,336669.176,248427.5757
772,North,Insurance,47773.89076,338053.5245,503865.0975,347452.4802
773,North,Insurance,54178.3508,319803.1684,453249.4681,355519.2095
774,North,Insurance,50120.91112,397398.1527,350041.5259,319271.4534
775,North,Insurance,47094.17221,402268.8611,325882.6359,553959.2425
776,East,Insurance,23921.7693,126362.5336,186365.5788,247614.0535
777,East,Insurance,21589.68815,166033.6211,192972.3088,210249.1359
778,East,Insurance,32416.02472,195529.8519,219282.8132,191070.8948
779,East,Insurance,33294.16293,183506.3716,280905.562,117922.3533
780,East,Insurance,33508.68472,238260.2003,274825.5979,96897.54786
781,East,Insurance,28142.26371,169978.88,264889.8638,216371.4305
782,East,Insurance,26223.98282,119999.5454,350868.4478,153814.5174
783,East,Insurance,31089.54912,184536.5438,446901.2431,226424.7153
784,East,Insurance,24220.94744,188052.1704,269659.4788,149398.6482
785,East,Insurance,25650.80994,211590.0994,249127.5567,223089.7052
786,East,Insurance,32301.61809,174731.6294,298415.1018,172659.746
787,East,Insurance,29651.25964,174158.5671,354194.902,203561.8516
788,East,Insurance,30394.18355,235841.9477,212762.8033,203498.4395
789,East,Insurance,22365.85072,186897.0698,303997.9224,188484.816
790,East,Insurance,27942.87366,158706.8558,133625.0901,187139.5528
791,East,Insurance,29989.19315,207607.8649,218330.0555,161634.3664
792,East,Insurance,28566.13074,187199.3791,238139.354,140693.4927
793,East,Insurance,33375.55071,189157.4852,164633.0264,258537.5641
794,East,Insurance,30542.57755,169761.6684,401940.3835,168641.7683
795,East,Insurance,27299.12404,157977.6318,311012.4808,142097.7454
796,East,Insurance,35100.40339,164517.8981,256987.6782,153608.3547
797,East,Insurance,19156.56926,162932.0632,185650.4432,173580.6714
798,East,Insurance,23754.47955,214786.672,426947.1676,190013.3446
799,East,Insurance,34798.55122,126693.0293,203607.6074,205291.9688
800,East,Insurance,33703.99947,185350.5389,129636.0812,270566.7
801,East,Insurance,33650.28553,150495.8099,283250.5065,113811.9545
802,East,Insurance,31260.98632,185864.5709,457891.6184,125264.2855
803,East,Insurance,29457.94082,141013.2409,188162.5688,212307.2098
804,East,Insurance,36004.57022,200728.1345,280876.6986,141910.4894
805,East,Insurance,28585.03383,205654.135,117502.246,172509.9742
806,East,Insurance,35875.255,182285.1,197850.9211,239119.0572
807,East,Insurance,26085.24921,132031.7583,249687.1672,154472.2388
808,East,Insurance,28024.63989,189599.8339,81793.38469,283869.4184
809,East,Insurance,24859.76879,184028.4699,322697.3933,210728.826
810,East,Insurance,36184.16985,129190.9204,218447.5353,111374.5884
811,East,Insurance,36343.69457,126993.4458,173450.3262,237152.3802
812,East,Insurance,36955.1301,154586.0508,253776.7816,270166.5959
813,East,Insurance,25167.44173,209095.2658,97737.05478,181948.9519
814,East,Insurance,27068.47103,148690.4135,156775.0116,206662.7058
815,East,Insurance,31475.89087,150865.4819,405255.5152,129632.0631
816,East,Insurance,33114.78104,183907.062,213299.6906,183701.7478
817,East,Insurance,31103.50302,142306.4284,322734.8604,198232.5369
818,East,Insurance,37263.38941,253011.6436,361364.1998,223775.2007
819,East,Insurance,34448.62428,198230.913,250502.3564,176183.4151
820,East,Insurance,29890.36999,184235.7882,283507.859,148735.6607
821,East,Insurance,34977.10056,191040.8672,334235.8035,204853.827
822,East,Insurance,24309.766,175341.4647,120962.7281,126446.3175
823,East,Insurance,32025.24909,219590.6856,345449.1269,84652.11348
824,East,Insurance,32294.36168,158981.8661,148729.9592,216910.3886
825,East,Insurance,26553.55858,190628.0072,299225.2346,262743.1517
826,East,Insurance,26417.25568,205276.4188,211831.7274,235881.6207
827,East,Insurance,33586.95826,203790.0372,179006.8679,203890.7111
828,East,Insurance,28455.12246,171212.955,338466.0316,91353.47091
829,East,Insurance,33250.30986,194606.7272,153647.972,230039.3298
830,East,Insurance,38506.74733,211719.4004,465460.4671,201840.9523
831,East,Insurance,30771.6974,146879.7795,282431.5178,185620.7353
832,East,Insurance,36012.43569,156737.6335,237196.7662,194435.7419
833,East,Insurance,35552.12841,177286.5683,291797.604,141802.927
834,East,Insurance,32668.05502,178262.4517,79938.48881,216258.1161
835,East,Insurance,28076.19905,164443.9408,250720.39,126739.4446
836,East,Insurance,26193.58482,171226.8417,368709.9489,270605.2999
837,East,Insurance,33027.67532,194227.8313,243949.0615,104472.3694
838,East,Insurance,19648.20061,188224.0802,255152.2515,146806.0663
839,East,Insurance,29034.79896,162591.0027,369133.6506,129816.5021
840,East,Insurance,30380.30815,142741.2091,260736.369,116997.9338
841,East,Insurance,32274.83877,181998.4015,332614.7639,174456.0147
842,East,Insurance,21403.22117,150798.6573,95767.84286,205947.9308
843,East,Insurance,29404.66067,220477.067,141679.0885,258705.3648
844,East,Insurance,39971.47498,194222.2454,166900.9014,235732.4483
845,East,Insurance,33828.61341,127557.4244,220271.9231,196798.7817
846,East,Insurance,34740.07973,135955.8752,93083.11534,114695.186
847,East,Insurance,33703.39993,167924.5249,36828.00341,135255.2473
848,East,Insurance,28370.33629,183871.0731,210065.5823,185452.3214
849,East,Insurance,30412.44883,144506.7054,252678.6225,211704.2551
850,East,Insurance,30259.45872,142197.9837,196336.9474,235878.406
851,East,Insurance,28774.02927,179573.3788,200400.0031,115418.1151
852,East,Insurance,21229.40425,176228.9056,196772.7873,182910.4052
853,East,Insurance,37004.86723,204845.9856,222511.2889,200213.4734
854,East,Insurance,29087.24647,227727.5001,162527.3172,227695.0162
855,East,Insurance,32966.66801,199703.3092,383499.0616,155674.582
856,East,Insurance,36763.33554,177473.9579,154199.1312,200135.8416
857,East,Insurance,29415.91174,142847.5993,171167.3143,214299.7396
858,East,Insurance,30972.25459,181384.8907,15414.42083,290517.9258
859,East,Insurance,30734.65272,199295.6812,339777.8164,148308.941
860,East,Insurance,19328.87395,222322.8386,352348.6769,150575.134
861,East,Insurance,31692.15833,184352.1502,106651.3954,208788.7452
862,East,Insurance,32992.05951,187298.4562,8228.351797,174639.1362
863,East,Insurance,29686.33908,178355.5917,210094.6804,168725.401
864,East,Insurance,32843.63674,188019.103,6587.279947,243695.9308
865,East,Insurance,27835.96797,204250.1551,197920.4029,10797.73049
866,East,Insurance,35520.44859,186295.7052,103602.1914,66727.65979
867,East,Insurance,38147.64804,170608.2452,158312.1083,102373.1771
868,East,Insurance,37070.63718,148826.831,157323.8313,119106.3457
869,East,Insurance,30781.74803,184686.9688,215737.5814,82198.56997
870,East,Insurance,31098.59666,197915.13,210795.5153,76995.07393
871,East,Insurance,20348.0717,185714.2438,329362.1193,175967.5319
872,East,Insurance,29277.4962,154772.1797,145327.7608,154312.7235
873,East,Insurance,32653.91876,168913.9591,79489.72307,104990.2619
874,East,Insurance,21498.74679,222055.9968,183362.2883,120261.8563
875,East,Insurance,32092.81048,206793.2098,79830.04001,49684.02805
876,East,Insurance,22589.91304,159322.8761,279610.8993,157624.6694
877,East,Insurance,31414.36981,190012.775,43665.5248,125386.4579
878,East,Insurance,27046.25721,123221.3561,184746.4818,176656.3691
879,East,Insurance,26444.8403,189688.1786,171056.4097,163349.5115
880,East,Insurance,30384.62737,213191.7132,264455.7546,128821.19
881,East,Insurance,28347.12795,204609.4927,101736.6162,144066.3126
882,East,Insurance,24224.07549,167036.8937,131038.7716,99527.30609
883,East,Insurance,28588.24724,146599.9502,5787.266316,187898.1952
884,East,Insurance,30591.76833,166615.073,85388.27982,40789.00655
885,East,Insurance,30427.20473,186058.4994,161189.6913,4896.944717
886,East,Insurance,37559.30252,151475.4585,242146.9838,143121.9383
887,East,Insurance,22027.02325,138953.4957,156444.3622,59609.55115
888,East,Insurance,29622.13911,161817.6126,124431.8013,64022.684
889,East,Insurance,29187.01691,167800.1644,160093.5278,194479.9259
890,East,Insurance,32502.42163,185246.2174,37204.18741,61249.25555
891,East,Insurance,19154.74167,172286.5264,126444.195,1762.89926
892,East,Insurance,28639.73188,224124.5207,103844.5766,93457.07191
893,East,Insurance,26002.64986,169880.9291,141335.5835,31031.63031
894,East,Insurance,34718.99846,146845.2987,165264.3,80403.07048
895,East,Insurance,32752.4636,158128.8035,15504.0487,68273.17697
896,East,Insurance,29343.53102,183169.0297,110082.7185,74744.50042
897,East,Insurance,33802.88246,177600.4959,23060.55123,89639.57521
898,East,Insurance,34685.08583,150861.2462,98397.36638,44230.50979
899,East,Insurance,27860.14734,192833.3912,130273.9962,171270.8
900,East,Insurance,34938.49137,161278.8459,146868.7642,94468.87023
901,East,Insurance,36781.09043,203317.9102,78930.07324,156978.0749
902,East,Insurance,24924.5641,184144.0872,87497.9056,111045.9897
903,East,Insurance,29494.18242,196357.0699,72427.34284,67811.53084
904,East,Insurance,26631.97226,160055.9395,38865.4254,140465.6219
905,East,Insurance,29634.8904,173632.909,214439.6107,149978.5631
906,East,Insurance,29215.67799,210640.2764,245353.2438,103066.574
907,East,Insurance,25804.77093,201373.7646,70010.22894,2158.282571
908,East,Insurance,31217.83776,137528.6864,289127.5205,77431.16564
909,East,Insurance,26428.39442,186493.9742,226411.2983,1658.618406
910,East,Insurance,25553.97832,179663.0978,98296.42827,47537.1066
911,East,Insurance,30885.02743,171938.2567,70461.9805,136468.6295
912,East,Insurance,29743.01662,218472.538,103199.6605,48764.42978
913,East,Insurance,30314.50926,182178.1969,4587.07157,53755.74645
914,East,Insurance,27928.08085,224489.4078,134147.6868,150280.7915
915,East,Insurance,40008.28835,253603.0622,1974.687438,93494.54411
916,East,Insurance,39061.16456,210423.7451,98057.3914,87294.4489
917,East,Insurance,24761.48997,185317.1673,113025.2314,70433.61908
918,East,Insurance,22693.63261,169608.9179,122656.3752,170717.3844
919,East,Insurance,33826.6095,161806.0596,60279.07701,101503.5537
920,East,Insurance,32780.8725,191556.2305,124393.5818,98158.61915
921,East,Insurance,48360.1911,154393.0089,175033.3882,98523.73727
922,East,Insurance,30376.71268,199624.2955,201508.3701,110332.7194
923,East,Insurance,30044.76905,139265.5294,53459.25489,164384.5264
924,East,Insurance,27186.89693,159888.2406,157057.0604,16316.0823
925,East,Insurance,23131.74532,205546.5099,157396.9313,81002.37259
926,East,Insurance,33660.48771,194399.6524,199888.188,93541.88079
927,East,Insurance,29104.08288,166658.1373,134311.1826,125245.5033
928,East,Insurance,30202.27404,202290.1197,146511.3757,16212.90107
929,East,Insurance,33945.60564,219554.7439,158888.5962,242159.4613
930,East,Insurance,27431.20005,178478.2066,279416.3988,192514.1575
931,West,Insurance,52203.92336,449729.0172,215064.5918,159499.7798
932,West,Insurance,53156.5458,499347.6501,183119.4421,176331.4251
933,West,Insurance,55569.75244,460172.3508,157894.1696,235309.5259
934,West,Insurance,46500.25416,425850.7746,319547.3987,218790.0168
935,West,Insurance,51753.78611,388777.1307,150827.2496,222759.7427
936,West,Insurance,49177.55682,417959.4722,218521.7598,205720.954
937,West,Insurance,46385.04986,434857.9584,200357.9232,102234.6062
938,West,Insurance,54260.41938,412616.7289,390082.0399,213652.7741
939,West,Insurance,52772.15368,425153.551,252631.2265,166785.5384
940,West,Insurance,53280.8511,429696.8129,316264.0796,104488.8605
941,West,Insurance,36941.5042,354809.2315,220668.5425,184630.2707
942,West,Insurance,51252.84685,418873.7571,355005.1659,260778.8446
943,West,Insurance,51954.8734,438210.6026,350585.3689,150558.3455
944,West,Insurance,43636.77087,472152.8262,221914.266,202527.6538
945,West,Insurance,41504.55632,435173.0789,259853.1459,241498.8546
946,West,Insurance,45881.31498,491703.314,309733.9762,144444.9157
947,West,Insurance,49279.17225,437379.3456,455786.9192,234813.0528
948,West,Insurance,48912.12812,444271.7308,181368.4943,254191.1667
949,West,Insurance,47871.72597,456333.3969,285440.7059,198395.6884
950,West,Insurance,51689.10485,451196.0255,167249.9335,197455.7956
951,West,Insurance,49839.90707,468376.392,151594.2268,203064.3841
952,West,Insurance,52151.48173,499483.6266,261014.692,213018.2605
953,West,Insurance,41156.90987,435456.3386,172685.0844,202583.9218
954,West,Insurance,56246.61691,482751.7325,239952.0751,202169.861
955,West,Insurance,49581.8508,445950.9173,420289.938,187963.7287
956,West,Insurance,51257.91946,427115.6905,281989.1594,179647.3358
957,West,Insurance,45998.27161,503418.3467,354490.6901,166405.8853
958,West,Insurance,39558.89515,405106.9099,261924.6427,242683.599
959,West,Insurance,47165.24913,413093.3528,349847.7096,184642.6562
960,West,Insurance,50586.34309,407387.2704,356561.219,179970.3257
961,West,Insurance,52606.79144,422603.8853,173961.4365,150265.2262
962,West,Insurance,41936.84886,426731.1521,119545.1675,95835.97508
963,West,Insurance,53119.52364,434110.2036,211489.6587,233239.3825
964,West,Insurance,43586.72711,492847.0994,91929.19157,124905.378
965,West,Insurance,44650.45938,449275.6806,326546.774,162514.7487
966,West,Insurance,52726.98968,448905.8322,183053.9621,226761.2244
967,West,Insurance,41834.56935,460605.9548,317966.6305,200239.665
968,West,Insurance,43319.39284,534616.5421,318282.0653,116908.9098
969,West,Insurance,47170.16282,452815.0448,261995.8519,242694.7969
970,West,Insurance,49538.8948,423483.2357,149070.9601,146508.1065
971,West,Insurance,52064.73153,513365.4764,293112.4997,256837.8271
972,West,Insurance,56331.80915,399956.4774,149456.0859,156182.454
973,West,Insurance,43962.17078,491120.9321,2285.924404,170371.1592
974,West,Insurance,56561.18169,378046.5248,259173.607,229468.1429
975,West,Insurance,50452.90575,448217.9874,351975.588,229783.7142
976,West,Insurance,42883.43281,387606.1263,237408.2759,163557.038
977,West,Insurance,46072.45415,481387.5742,397046.6206,159305.8434
978,West,Insurance,62012.30212,417512.1532,200830.222,171836.6679
979,West,Insurance,53035.47982,387982.7792,310021.9011,171036.7351
980,West,Insurance,48312.82644,466611.7403,226392.6918,175107.0017
981,West,Insurance,59406.37997,478971.4905,442007.9229,212379.3817
982,West,Insurance,51184.78516,522280.1023,373391.7695,243080.9132
983,West,Insurance,46116.97037,409678.2565,416213.5042,193237.7265
984,West,Insurance,55495.86822,444805.1001,353398.9638,190049.0912
985,West,Insurance,52802.56695,452249.0359,336217.0936,169562.1832
986,West,Insurance,48219.11295,384777.9731,459929.3453,154148.5597
987,West,Insurance,49933.00191,479807.9283,298943.0751,167122.2321
988,West,Insurance,38189.10263,417485.5535,223695.5931,134634.6757
989,West,Insurance,49712.87049,360616.8163,237315.6643,177258.4114
990,West,Insurance,41398.67784,487515.7801,236082.8739,312553.0828
991,West,Insurance,48905.53076,401703.0732,381511.1543,146300.2728
992,West,Insurance,42665.66892,431556.1222,392281.8486,78826.65695
993,West,Insurance,56041.34292,394307.4929,226678.7285,245402.7846
994,West,Insurance,47322.31853,463387.2007,415505.0179,197762.9627
995,West,Insurance,38816.8367,401140.3391,385080.9934,263469.5323
996,West,Insurance,56924.20373,426329.5785,474702.1366,222227.8397
997,West,Insurance,52037.13291,455810.178,302070.5895,215567.8191
998,West,Insurance,53584.44906,466899.3808,296375.1664,225828.3685
999,West,Insurance,52873.8596,500137.0603,401381.5052,240790.1861
1000,West,Insurance,52368.29797,445440.3279,368346.5598,324268.9369
1001,West,Insurance,46848.07208,446262.7539,220524.2581,199027.6092
1002,West,Insurance,44188.74399,422672.9648,286852.6293,221600.5491
1003,West,Insurance,42081.98447,475930.8768,448230.8102,246147.252
1004,West,Insurance,52316.12929,448515.7878,382778.6856,175396.2542
1005,West,Insurance,50873.33229,486149.684,544873.2567,283244.2609
1006,West,Insurance,45733.56222,357550.2548,294651.4435,214246.3158
1007,West,Insurance,55353.17563,401989.6647,449004.0084,233034.4851
1008,West,Insurance,54812.26969,475546.2397,286489.6458,280833.6553
1009,West,Insurance,38931.81958,474036.0548,304717.3638,278573.7768
1010,West,Insurance,50855.13583,452879.4357,352775.9154,216924.358
1011,West,Insurance,48683.62649,529227.858,411383.4604,242660.5611
1012,West,Insurance,48627.08405,443297.1677,287754.4036,186582.737
1013,West,Insurance,50907.52571,407919.6515,293096.208,195635.8827
1014,West,Insurance,45760.30815,479108.8116,279010.1618,213019.2299
1015,West,Insurance,49634.37179,500568.5951,372546.6373,266465.4842
1016,West,Insurance,41095.57534,419655.6787,269573.974,199369.2355
1017,West,Insurance,51161.04558,491014.089,326860.9175,243147.2236
1018,West,Insurance,54022.07622,444570.7596,297392.639,244081.7489
1019,West,Insurance,41284.53924,492394.2028,251062.978,240427.5137
1020,West,Insurance,49854.09642,474460.343,239506.7254,239824.2906
1021,West,Insurance,56780.83699,430901.0938,297703.2445,253199.1777
1022,West,Insurance,47865.47029,467220.1131,370614.5158,188218.1666
1023,West,Insurance,49207.57275,515289.2492,440898.4489,279291.0895
1024,West,Insurance,46919.86314,429282.894,236132.1203,231373.6072
1025,West,Insurance,51657.69695,507727.339,377363.4294,257835.4655
1026,West,Insurance,44959.86375,405080.5886,196782.4575,253473.1858
1027,West,Insurance,48624.85719,479012.713,345577.7663,297600.5942
1028,West,Insurance,51800.30653,441561.3386,352333.2413,225533.1584
1029,West,Insurance,47419.13106,430554.1457,523221.1868,225901.2794
1030,West,Insurance,48355.4925,402240.3323,267419.7248,310567.9724
1031,West,Insurance,47264.05349,495106.4388,409272.4063,242449.9708
1032,West,Insurance,49177.17882,511622.673,382698.4142,170007.335
1033,West,Insurance,50183.45843,464437.353,477599.6274,271996.1252
1034,West,Insurance,49172.79369,424938.051,440046.7574,286107.1447
1035,West,Insurance,48584.45405,389780.7846,314955.8482,318733.131
1036,West,Insurance,50452.82033,449709.7328,383117.661,232975.0834
1037,West,Insurance,48304.23231,435998.4108,242898.7681,190999.5723
1038,West,Insurance,50615.56446,434072.5065,372296.7988,263012.6572
1039,West,Insurance,46131.76774,516725.2442,323808.9629,285142.0502
1040,West,Insurance,47217.95886,464504.2952,432012.8063,197705.2911
1041,West,Insurance,55152.05737,439357.8085,381257.8502,240685.9951
1042,West,Insurance,46885.79714,502961.5381,338613.914,256649.4116
1043,West,Insurance,54158.21038,390946.776,397707.1712,227385.8249
1044,West,Insurance,46491.56343,485883.7291,349170.4347,272850.7833
1045,West,Insurance,52836.9631,442474.8209,367773.1253,234390.5768
1046,West,Insurance,57651.15973,381130.118,422788.1371,171598.0395
1047,West,Insurance,49245.88237,341542.7616,347692.721,264382.5471
1048,West,Insurance,48015.1443,421282.9603,500631.7801,145747.1343
1049,West,Insurance,46969.07145,381503.4871,392498.6582,244278.5905
1050,West,Insurance,49476.3549,437559.1899,316521.0088,262777.6464
1051,West,Insurance,54549.60916,418481.7014,255546.0615,219918.3253
1052,West,Insurance,50126.50003,465754.2992,425027.9006,215174.5896
1053,West,Insurance,47053.73873,430481.9978,426238.9752,191331.664
1054,West,Insurance,62344.10797,485888.0139,416518.9952,220458.4448
1055,West,Insurance,53402.30813,409744.4168,531792.023,198383.4756
1056,West,Insurance,42675.49357,426319.976,321755.5661,200196.9479
1057,West,Insurance,49070.87303,443067.5379,267994.9505,229871.0094
1058,West,Insurance,55286.79885,457023.32,326980.0685,325283.3473
1059,West,Insurance,56698.87588,470564.9954,515730.4233,314833.1777
1060,West,Insurance,56128.0741,392720.6258,246372.1283,267404.9433
1061,West,Insurance,55343.65711,384277.0252,397549.9106,282398.352
1062,West,Insurance,51346.09587,454727.4044,550431.6907,228898.0149
1063,West,Insurance,54180.78573,427449.4126,403826.678,233067.3896
1064,West,Insurance,48850.18251,446785.8492,443864.0394,258949.1519
1065,West,Insurance,46655.48167,446758.9218,419068.0235,213188.2201
1066,West,Insurance,44703.84599,430029.4682,342193.243,167947.4748
1067,West,Insurance,54475.62478,435126.4504,450255.1847,157033.8166
1068,West,Insurance,54918.90546,461494.1157,470104.1107,191406.6017
1069,West,Insurance,56905.53419,467883.6752,281376.7141,188125.7753
1070,West,Insurance,40929.02111,494940.839,420867.9762,327707.9417
1071,West,Insurance,44979.01488,400833.8035,470137.5709,206038.1295
1072,West,Insurance,50293.97356,392310.1631,507639.4671,145709.1639
1073,West,Insurance,49511.03035,512669.5003,453488.577,236822.0762
1074,West,Insurance,54079.76196,439848.1287,391562.5012,316793.1992
1075,West,Insurance,50129.67562,463189.7572,411794.2872,281816.856
1076,West,Insurance,46725.18456,405998.7844,339770.4496,215242.3785
1077,West,Insurance,57227.87038,516010.6308,380307.6515,299235.1679
1078,West,Insurance,49769.10504,487742.0759,489524.7252,243845.1794
1079,West,Insurance,46046.29748,466181.3031,343797.4714,246000.2362
1080,West,Insurance,46749.36311,431296.5978,329116.2668,216048.8138
1081,West,Insurance,45547.84838,463708.8226,428769.4692,292180.649
1082,West,Insurance,46932.47286,486614.6677,486869.2619,452503.8804
1083,West,Insurance,56388.20437,393494.4119,395523.1431,481448.4497
1084,West,Insurance,44329.64453,419243.2878,429870.5667,350663.4484
1085,West,Insurance,48777.93531,367474.6068,319245.7347,429087.3556
1086,South,Insurance,52880.11179,586942.5005,311384.5834,185776.7775
1087,South,Insurance,54668.06842,553397.6752,199837.8508,84446.63074
1088,South,Insurance,56392.25891,570502.3865,268768.8389,57987.24842
1089,South,Insurance,56250.94729,554320.5766,285353.1869,209976.6076
1090,South,Insurance,59271.88209,627502.7,359878.8439,193441.6281
1091,South,Insurance,58369.91192,535382.1987,240024.0384,66861.9776
1092,South,Insurance,59475.8991,532304.6745,319407.0028,128472.5688
1093,South,Insurance,63287.26092,498582.973,149503.3343,236845.4554
1094,South,Insurance,53703.64605,531156.3317,394422.4303,175547.3332
1095,South,Insurance,56447.58147,509831.5227,312533.5927,163589.9918
1096,South,Insurance,53600.33988,644532.6905,154061.4347,112636.6939
1097,South,Insurance,47002.75209,522877.5126,299582.2299,257422.2522
1098,South,Insurance,59998.92992,550644.215,358746.6426,84331.95888
1099,South,Insurance,47778.52916,557177.1371,383457.9961,183084.2214
1100,South,Insurance,54119.15404,581992.5346,231666.6967,226426.1589
1101,South,Insurance,55034.37664,566209.9167,492768.0478,142143.4286
1102,South,Insurance,59848.87592,474719.9722,336224.1196,117969.8836
1103,South,Insurance,48634.33125,572034.3223,312311.4968,238133.8776
1104,South,Insurance,51711.96538,465811.0627,307803.4251,140473.5411
1105,South,Insurance,54250.29429,530807.9322,382310.2164,237226.5719
1106,South,Insurance,55492.10649,482312.4814,441594.363,202922.5899
1107,South,Insurance,62873.60247,623107.7363,301873.8439,182375.993
1108,South,Insurance,55403.78663,549825.7551,367851.2416,168027.7154
1109,South,Insurance,55603.28113,472023.7337,241305.6547,168121.5686
1110,South,Insurance,53908.06832,536718.1493,401155.0092,150577.9655
1111,South,Insurance,58454.43953,578727.9723,250075.1668,242208.6211
1112,South,Insurance,47607.845,616881.2627,132787.1175,148107.5206
1113,South,Insurance,59747.43822,526130.3455,164392.8949,166028.4686
1114,South,Insurance,52667.03388,560615.4189,253449.4078,122480.0981
1115,South,Insurance,58179.97294,609128.4738,213373.809,154690.0906
1116,South,Insurance,47616.77674,549888.4286,132470.3719,193132.4894
1117,South,Insurance,59310.32443,527869.8268,343570.4254,111290.6638
1118,South,Insurance,50726.48272,530754.8155,319837.9685,113480.5103
1119,South,Insurance,55970.65377,597473.4215,191363.6653,206532.6686
1120,South,Insurance,46436.69331,492099.9634,306206.6819,134408.4012
1121,South,Insurance,56003.14924,512629.6987,461625.0415,156784.2201
1122,South,Insurance,56856.2597,602664.9147,219430.0965,53140.23275
1123,South,Insurance,53532.68309,573766.6376,336731.7167,46034.19185
1124,South,Insurance,47339.266,535330.2576,334390.1785,140437.8486
1125,South,Insurance,56059.31774,575020.6111,352537.089,145142.3963
1126,South,Insurance,54009.99909,492062.4632,346131.8423,212104.5374
1127,South,Insurance,55760.37222,626421.3622,161333.0265,136435.6824
1128,South,Insurance,56076.5421,528231.6042,212684.805,152256.4278
1129,South,Insurance,58419.19003,492136.1517,184651.4125,200406.2541
1130,South,Insurance,58837.00532,498930.482,248905.9377,140404.0963
1131,South,Insurance,48233.21474,540711.2233,236764.3758,189665.4883
1132,South,Insurance,56277.07637,524832.0838,451656.9673,343916.9925
1133,South,Insurance,57818.74029,515108.0096,140271.087,172065.8671
1134,South,Insurance,57432.20989,477974.8838,278097.0109,238770.6434
1135,South,Insurance,50308.72238,466742.9481,418574.5925,161400.8721
1136,South,Insurance,56113.17514,537233.3435,230408.8963,166800.5962
1137,South,Insurance,58621.08422,478137.6063,266473.8585,187683.5411
1138,South,Insurance,62239.83212,480440.1156,383388.0105,161730.8418
1139,South,Insurance,49606.46725,566246.1107,264365.7333,185606.802
1140,South,Insurance,53005.669,515361.3649,207068.4991,185739.4191
1141,South,Insurance,51286.06944,587040.1216,335239.8635,187840.7165
1142,South,Insurance,53723.68291,552153.5032,308880.7136,153279.6572
1143,South,Insurance,63696.10066,506354.5739,245454.4323,244315.8308
1144,South,Insurance,56929.02659,566214.8854,139593.3746,171749.6695
1145,South,Insurance,54479.90228,486111.49,231728.0992,160206.9715
1146,South,Insurance,54623.12809,591115.0102,297342.2725,155344.8092
1147,South,Insurance,57078.77252,638457.3378,235427.8273,124698.1259
1148,South,Insurance,54652.94056,514406.3353,283187.9627,206686.0247
1149,South,Insurance,58708.99544,532525.4546,204063.7053,87212.79307
1150,South,Insurance,59187.33525,477971.0569,234863.6157,211612.8692
1151,South,Insurance,61191.61561,460264.2654,188369.8787,130851.2516
1152,South,Insurance,61897.41488,514964.4306,246575.2485,176448.9221
1153,South,Insurance,49767.32562,521991.5906,390642.2895,83255.52196
1154,South,Insurance,60572.27329,516693.8469,185863.0798,188364.7361
1155,South,Insurance,51227.08014,491247.9338,287790.676,157767.3716
1156,South,Insurance,55526.33991,529380.4076,214026.8208,152734.898
1157,South,Insurance,50451.78158,532353.8076,223293.6836,235990.0212
1158,South,Insurance,52921.90681,618934.7642,370508.3963,247065.5065
1159,South,Insurance,57998.23322,469115.7546,357425.9167,217425.7455
1160,South,Insurance,52658.45548,463299.481,409182.6041,148178.5204
1161,South,Insurance,56625.3384,609556.1669,415886.3317,119267.0833
1162,South,Insurance,60431.441,492112.9537,103483.9486,115344.3151
1163,South,Insurance,53998.15114,516982.4269,347317.4208,337730.8503
1164,South,Insurance,58361.94432,466466.8687,322813.4989,164001.3475
1165,South,Insurance,60448.1856,526291.507,286590.3809,231093.318
1166,South,Insurance,60917.01299,558821.3945,302126.2032,180687.8119
1167,South,Insurance,52819.41715,493750.2307,265991.8773,233186.8476
1168,South,Insurance,61586.15632,521110.9707,106683.7334,54793.05665
1169,South,Insurance,51420.22631,577944.6935,207973.9984,171056.7249
1170,South,Insurance,50971.88911,585772.4825,200621.8156,238950.831
1171,South,Insurance,53041.8374,504340.1496,322106.7666,173487.0656
1172,South,Insurance,48098.56292,579176.8081,314258.6658,277716.7927
1173,South,Insurance,57094.97833,596747.9383,303835.0438,204070.8487
1174,South,Insurance,46120.71265,496997.0539,168105.7293,221496.386
1175,South,Insurance,51324.28968,526547.6524,276742.2816,134740.6338
1176,South,Insurance,57078.15416,542030.5905,265425.1524,195512.7608
1177,South,Insurance,55891.10277,522041.5327,285414.6149,238935.4827
1178,South,Insurance,55180.86548,542125.4648,303584.4701,221545.4953
1179,South,Insurance,51681.66947,578258.9832,498265.8417,174806.4734
1180,South,Insurance,51436.18742,526841.5592,385822.0337,160622.4764
1181,South,Insurance,61896.64789,553256.1469,283055.2149,203998.8829
1182,South,Insurance,54083.92469,525304.0795,237577.1183,113245.6335
1183,South,Insurance,45928.77332,550381.1748,249658.0353,193333.4618
1184,South,Insurance,52213.86078,621378.1777,169755.0022,230674.0867
1185,South,Insurance,55280.68548,528074.8388,379935.7857,216192.7417
1186,South,Insurance,55149.91218,490396.3153,364770.6237,42843.53403
1187,South,Insurance,51735.59657,437633.8988,267017.2827,154826.0499
1188,South,Insurance,59493.97749,492034.6306,162279.6385,120670.1092
1189,South,Insurance,57462.55494,550453.404,262599.4635,239113.2286
1190,South,Insurance,56866.8015,535225.1368,357713.1249,143782.9421
1191,South,Insurance,53492.05453,570816.1849,29695.55247,217323.0524
1192,South,Insurance,52153.35689,516615.088,238851.0338,223457.2321
1193,South,Insurance,59413.72109,571371.0292,95361.03211,133471.4448
1194,South,Insurance,53785.59039,552661.1645,183749.5508,262713.8963
1195,South,Insurance,55847.99301,464128.6253,222552.0682,239582.4064
1196,South,Insurance,55317.12289,491861.0303,275546.6908,176685.0023
1197,South,Insurance,51813.42266,614889.3475,217007.3872,104070.3638
1198,South,Insurance,53457.14175,553394.0049,173485.6872,224771.0891
1199,South,Insurance,54040.45962,558333.0394,177921.5056,106181.7682
1200,South,Insurance,57368.31664,569171.2207,118744.8659,229464.2039
1201,South,Insurance,52868.69068,494699.7924,90121.84466,238896.3164
1202,South,Insurance,60769.42417,490093.0601,258297.6055,345976.7952
1203,South,Insurance,59792.51256,599954.5681,114875.2033,300872.3088
1204,South,Insurance,58492.65017,565651.6182,180220.6406,250431.5819
1205,South,Insurance,61722.67289,580438.536,126661.9092,236841.6924
1206,South,Insurance,68366.67216,521681.6995,207947.1938,160421.0276
1207,South,Insurance,52970.97126,564260.2307,129685.9446,234269.1351
1208,South,Insurance,54095.8697,579927.9805,228608.1025,239283.2283
1209,South,Insurance,56829.98646,532351.3656,101770.8534,289962.7609
1210,South,Insurance,45601.67873,528613.3874,157829.1875,285973.337
1211,South,Insurance,52100.13403,535674.2113,371109.2402,323152.077
1212,South,Insurance,57233.02418,477478.0892,116920.5458,298509.5798
1213,South,Insurance,53930.68791,424200.0482,337444.5261,264425.8171
1214,South,Insurance,59431.40781,546037.2677,293007.2054,294819.3197
1215,South,Insurance,56572.301,550309.4837,138223.131,245449.739
1216,South,Insurance,52400.91748,565470.1918,224022.1304,304154.8631
1217,South,Insurance,62271.33917,506075.9821,152557.1302,269310.0099
1218,South,Insurance,58511.6366,501704.4795,248211.6803,241207.6745
1219,South,Insurance,47860.53534,511240.4009,333411.5452,279023.4673
1220,South,Insurance,58389.48035,529963.5337,163367.7221,252525.8425
1221,South,Insurance,59433.29381,506186.997,213762.0931,267593.2339
1222,South,Insurance,52380.40047,539724.6562,212616.8557,248022.8547
1223,South,Insurance,52375.37771,507442.8101,214711.747,322049.6869
1224,South,Insurance,58783.27215,552001.724,204011.2283,259980.2777
1225,South,Insurance,55902.9621,545798.2502,21859.41619,276040.0234
1226,South,Insurance,54417.24173,475116.9597,196362.3355,277759.1737
1227,South,Insurance,56122.13919,498097.6147,452645.9687,283535.8283
1228,South,Insurance,49659.1762,573127.652,363857.3101,250178.2342
1229,South,Insurance,59997.29952,570056.0933,328262.1871,281053.4278
1230,South,Insurance,53822.9132,507113.6505,393144.8066,401375.3656
1231,South,Insurance,51828.2953,558466.5333,192442.6639,218424.0196
1232,South,Insurance,52691.23122,557206.5662,385669.7217,319064.3387
1233,South,Insurance,54690.27807,487699.8478,233666.1034,296538.5787
1234,South,Insurance,57691.02114,565978.9517,317585.5107,399655.2157
1235,South,Insurance,47322.29401,594408.7526,359830.2486,269357.8806
1236,South,Insurance,58201.10318,553099.2519,396570.0808,372351.8928
1237,South,Insurance,48011.21789,546482.6506,455419.6874,320322.2928
1238,South,Insurance,57763.73355,535415.5338,391998.9994,498738.1179
1239,South,Insurance,54595.69918,429286.6835,201277.1646,460327.0193
1240,South,Insurance,55419.96532,528150.1021,696348.9303,678178.3432
